{
  "dataset": "zxing",
  "adjusted_score": 0.7167408693715605,
  "PD": 0.840387936072975,
  "PF": 0.24729413340282907,
  "FIR": 0.35188100159189817,
  "Balance": 0.7725707888583961,
  "params": {
    "n_epochs": 75,
    "d_main": 128,
    "encoder_n_blocks": 0,
    "context_size": 32,
    "predictor_n_blocks": 2
  }
}