,PD,PF,FIR,Balance
ProjectK,0.9704095147648719,0.01945340104098774,0.49008833283424674,0.9719205404759599
