,PD,PF,FIR,Balance
zxing,0.6378415284838784,0.41191160288986384,0.18238482867894631,0.5852660785729195
