,PD,PF,FIR,Balance,GPU_Memory_MB,Inference_Time_ms
ProjectA,0.9960445891280105,0.003984753173160769,0.4979449711659146,0.9950458123635568,31.796484375,21.736574172973633
