,PD,PF,FIR,Balance,GPU_Memory_MB,Inference_Time_ms
ProjectL,0.9959778776005562,0.0008937299259879905,0.49956199490984377,0.9967076001917101,22.59609375,46.541810035705566
