,PD,PF,FIR,Balance,GPU_Memory_MB,Inference_Time_ms
ProjectK,0.9913259891471975,0.008352582736792895,0.49589156316489025,0.9903433650914476,24.904296875,19.264507293701172
