,PD,PF,FIR,Balance,GPU_Memory_MB,Inference_Time_ms
JM1,0.9413103466561885,0.23205763737217117,0.3767681063682905,0.8297054193604826,50.15380859375,287.4809741973877
